Name,Compound,BM,Sex,temp,pHw,pHf,pKa_acid,pKa_base,logKow,logKow_ion,ii,HL,Cl_int,UF,C_water,Q_ingest
Example,Carbamazepine,10,0,25,7.8,7.4,9.51,0.49,3.39,3.39,0,0.1875,0,0,0.003573,0
P01Disulfiram,Disulfiram,10,0,25,7.8,7.4,,3.51,4.16,4.16,0,1.144,0,0,0.0367,0
P02Felbinac,Felbinac,10,0,25,7.8,7.4,4.46,,3.258,0.44,1,2.536,0,0,0.00278,0
P03Flecainide,Flecainide,10,0,25,7.8,7.4,10.7,9.11,3.188,1.24,-1,1.491,0,0,0.128757,0
P04Orphenadrine,Orphenadrine,10,0,25,7.8,7.4,,8.53,3.66,2.25,-1,0.2246,0,0,0.0382105,0
P05Prazosin,Prazosin,10,0,25,7.8,7.4,,7.18,1.651,-1.65,-1,0.0007509,0,0,0.000972,0
P06Sulpiride,Sulpiride,10,0,25,7.8,7.4,9.98,9.12,0.125,-2.01,-1,0.002453,0,0,0.0428305,0
P07Tribenoside,Tribenoside,10,0,25,7.8,7.4,8.71,,5.17,1.83,1,0.05789,0,0,0.0926,0
P08Bimatoprost,Bimatoprost,10,0,25,7.8,7.4,14.3,2.13,2.629,0.45,1,0.02037,0,0,1.39E-04,0
P09Ataluren,Ataluren,10,0,25,7.8,7.4,4.3,1.53,3.919,0.32,1,6.508,0,0,0.000467,0
P10Procyclidine,Procyclidine,10,0,25,7.8,7.4,14.2,9.35,3.788,1.17,-1,0.1089,0,0,0.00139,0
P11Clomethiazole,Clomethiazole,10,0,25,7.8,7.4,,2.83,1.772,-0.91,-1,0.05445,0,0,0.0608,0
P12Nimesulide,Nimesulide,10,0,25,7.8,7.4,7.46,6.76,1.787,-0.17,1,0.1116,0,0,0.283453,0
P13Tolperisone,Tolperisone,10,0,25,7.8,7.4,,8.02,3.566,0.43,-1,0.1798,0,0,0.214153,0
P14Cilostazol,Cilostazol,10,0,25,7.8,7.4,9.13,1.83,3.306,0.97,1,0.1207,0,0,0.056201,0
P15Mephenoxalone,Mephenoxalone,10,0,25,7.8,7.4,10.5,1.44,1.187,-1.89,1,0.02269,0,0,0.33,0
P16Heptaminol,Heptaminol,10,0,25,7.8,7.4,15.3,10.4,0.82,-1.43,-1,0.1168,0,0,0.154655,0
P17Indomethacin,Indomethacin,10,0,25,7.8,7.4,6.95,,3.93,2.59,1,1.997,0,0,0.0138,0
P18Clozapine,Clozapine,10,0,25,7.8,7.4,,8.49,3.72,0.39,-1,0.9172,0,0,9.12E-02,0
P19Tolbutamide,Tolbutamide,10,0,25,7.8,7.4,5.3,1.5,2.295,-0.44,1,0.01998,0,0,0.63823,0
P20Indapamide,Indapamide,10,0,25,7.8,7.4,7.83,1.48,2.64,-0.25,1,2.089,0,0,0.0185774,0
P21Perazine,Perazine,10,0,25,7.8,7.4,,5.79,3.778,1.11,-1,0.0121,0,0,0.112681,0
P22Fluphenazine,Fluphenazine,10,0,25,7.8,7.4,15,6.16,3.966,1.35,-1,0.01009,0,0,0.000250761,0
P23Ketoconazole,Ketoconazole,10,0,25,7.8,7.4,7.97,6.73,4.192,0.95,-1,0.886,0,0,0.0522262,0
P24Imiquimod,Imiquimod,10,0,25,7.8,7.4,,7.29,2.651,-0.36,-1,0.07445,0,0,0.542,0
P25Quetiapine,Quetiapine,10,0,25,7.8,7.4,14.4,7.1,2.808,0.34,-1,0.3798,0,0,0.561934,0
1Carbamazepine,Carbamazepine,100,0,9.5,7.75,7.4,9.51,0.49,3.39,0.39,0,0.1499,0,0,0.326,0
2Carbamazepine,Carbamazepine,100,0,13.5,7.75,7.4,9.51,0.49,3.39,0.39,0,0.1499,0,0,0.388,0
3Carbamazepine,Carbamazepine,100,0,9.9,7.75,7.4,9.51,0.49,3.39,0.39,0,0.1499,0,0,0.236,0
4Diclofenac,Diclofenac,100,0,9.5,7.75,7.4,4.13,2.25,4.36,1.36,1,6.13,0,0,0.701,0
5Diclofenac,Diclofenac,100,0,13.5,7.75,7.4,4.13,2.25,4.36,1.36,1,6.13,0,0,0.881,0
6Diclofenac,Diclofenac,100,0,9.9,7.75,7.4,4.13,2.25,4.36,1.36,1,6.13,0,0,0.72,0
7Diltiazem,Diltiazem,100,0,9.9,7.75,7.4,,6.48,3.37,0.37,-1,0.0236,0,0,0.037,0
8Haloperidol,Haloperidol,100,0,9.9,7.75,7.4,13.9,8.04,4.43,1.43,-1,0.8832,0,0,0.374,0
9Ibuprofen,Ibuprofen,100,0,9.5,7.75,7.4,4.66,,3.07,0.07,1,1.87,0,0,0.625,0
10Ibuprofen,Ibuprofen,100,0,13.5,7.75,7.4,4.66,,3.07,0.07,1,1.87,0,0,0.095,0
11Ibuprofen,Ibuprofen,100,0,9.9,7.75,7.4,4.66,,3.07,0.07,1,1.87,0,0,2.169,0
12Ketoprofen,Ketoprofen,100,0,9.5,7.75,7.4,4.19,,3.11,0.11,1,0.74,0,0,2.22,0
13Ketoprofen,Ketoprofen,100,0,13.5,7.75,7.4,4.19,,3.11,0.11,1,0.74,0,0,1.319,0
14Ketoprofen,Ketoprofen,100,0,9.9,7.75,7.4,4.19,,3.11,0.11,1,0.74,0,0,4.268,0
15Levonorgestrel,Levonorgestrel,100,0,9.5,7.75,7.4,11.6,,3.88,0.88,0,1.013,0,0,0.001,0
16Memantine,Memantine,100,0,9.9,7.75,7.4,,10.7,2.69,-0.31,-1,1.781,0,0,0.014,0
17Naproxen,Naproxen,100,0,9.5,7.75,7.4,4.7,,3.04,0.04,1,1.74,0,0,1.615,0
18Naproxen,Naproxen,100,0,13.5,7.75,7.4,4.7,,3.04,0.04,1,1.74,0,0,1.159,0
19Naproxen,Naproxen,100,0,9.9,7.75,7.4,4.7,,3.04,0.04,1,1.74,0,0,1.792,0
20Orphenadrine,Orphenadrine,100,0,9.9,7.75,7.4,,8.53,3.66,0.66,-1,0.1698,0,0,0.014,0
21Oxazepam,Oxazepam,100,0,9.5,7.75,7.4,9.97,0.16,2.45,-0.55,0,0.209,0,0,0.11,0
22Oxazepam,Oxazepam,100,0,13.5,7.75,7.4,9.97,0.16,2.45,-0.55,0,0.209,0,0,0.277,0
23Oxazepam,Oxazepam,100,0,9.9,7.75,7.4,9.97,0.16,2.45,-0.55,0,0.209,0,0,0.202,0
24Sertraline,Sertraline,100,0,13.5,7.75,7.4,,8.16,5.18,2.18,-1,1.61,0,0,0.008,0
25Tramadol,Tramadol,100,0,9.5,7.75,7.4,14.5,9,2.63,-0.37,-1,0.1738,0,0,0.359,0
26Tramadol,Tramadol,100,0,13.5,7.75,7.4,14.5,9,2.63,-0.37,-1,0.1738,0,0,0.479,0
27Tramadol,Tramadol,100,0,9.9,7.75,7.4,14.5,9,2.63,-0.37,-1,0.1738,0,0,0.738,0
28Verapamil,Verapamil,100,0,9.9,7.75,7.4,,8.73,5.09,2.09,-1,0.2903,0,0,0.004,0
29Ibuprofen,Ibuprofen,70,0,12,7,7.4,4.66,,3.07,0.07,1,1.87,0,0,0.0045,0
30Naproxen,Naproxen,70,0,12,7,7.4,4.7,,3.04,0.04,1,1.74,0,0,0.25,0
31Diclofenac,Diclofenac,70,0,12,7,7.4,4.13,2.25,4.36,1.36,1,6.13,0,0,2.32,0
32Gemfibrozil,Gemfibrozil,70,0,12,7,7.4,5.02,,3.57,0.57,1,2.598,0,0,1.05,0
33Erythromycin,Erythromycin,14,1,21,7.7,7.4,13.1,7.14,1.79,-1.21,-1,0.0229,0,0,0.00621,0
34Erythromycin,Erythromycin,14,1,21,7.7,7.4,13.1,7.14,1.79,-1.21,-1,0.0229,0,0,0.0622,0
35Erythromycin,Erythromycin,14,1,21,7.7,7.4,13.1,7.14,1.79,-1.21,-1,0.0229,0,0,0.00246,0
36Erythromycin,Erythromycin,14,1,21,7.15,7.4,13.1,7.14,1.79,-1.21,-1,0.0229,0,0,0.00266,0
37Erythromycin,Erythromycin,14,1,15,7.7,7.4,13.1,7.14,1.79,-1.21,-1,0.0229,0,0,0.00656,0
38Erythromycin,Erythromycin,446,0,15,7.7,7.4,13.1,7.14,1.79,-1.21,-1,0.0229,0,0,0.00656,0
39Sulfamethazine,Sulfamethazine,14,1,15,7.7,7.4,7.2,,1.48,-1.52,1,0.04023,0,0,0.000304,0
40Valsartan,Valsartan,446,0,15,7.7,7.4,3.19,0.6,4.16,1.16,1,0.9437,0,0,0.00326,0
41Diphenhydramine,Diphenhydramine,14,1,21,7.7,7.4,,8.77,3.35,0.35,-1,0.0484,0,0,0.0315,0
42Diphenhydramine,Diphenhydramine,14,1,21,7.7,7.4,,8.77,3.35,0.35,-1,0.0484,0,0,0.0397,0
43Diphenhydramine,Diphenhydramine,14,1,21,7.7,7.4,,8.77,3.35,0.35,-1,0.0484,0,0,0.000311,0
44Diphenhydramine,Diphenhydramine,14,1,15,7.7,7.4,,8.77,3.35,0.35,-1,0.0484,0,0,0.0013,0
45Benztropine,Benztropine,446,0,15,7.7,7.4,,9.33,4.42,1.42,-1,0.4359,0,0,0.000401,0
46Iopamidol,Iopamidol,14,1,21,7.7,7.4,8.95,2.41,-1.01,-4.01,0,4.12E-07,0,0,0.28,0
47Iopamidol,Iopamidol,14,1,21,7.7,7.4,8.95,2.41,-1.01,-4.01,0,4.12E-07,0,0,0.349,0
48Iopamidol,Iopamidol,14,1,21,7.7,7.4,8.95,2.41,-1.01,-4.01,0,4.12E-07,0,0,0.643,0
49Iopamidol,Iopamidol,14,1,15,7.7,7.4,8.95,2.41,-1.01,-4.01,0,4.12E-07,0,0,0.211,0
50Caffeine,Caffeine,14,1,21,7.7,7.4,,1.48,-1.03,-4.03,0,0.0218,0,0,0.233,0
51Caffeine,Caffeine,14,1,21,7.7,7.4,,1.48,-1.03,-4.03,0,0.0218,0,0,0.306,0
52Caffeine,Caffeine,14,1,21,7.7,7.4,,1.48,-1.03,-4.03,0,0.0218,0,0,0.0568,0
53Caffeine,Caffeine,14,1,15,7.7,7.4,,1.48,-1.03,-4.03,0,0.0218,0,0,0.099,0
54Caffeine,Caffeine,446,0,15,7.7,7.4,,1.48,-1.03,-4.03,0,0.0218,0,0,0.099,0
55Gemfibrozil,Gemfibrozil,14,1,21,7.7,7.4,5.02,,3.57,0.57,1,2.598,0,0,0.000775,0
56Gemfibrozil,Gemfibrozil,14,1,21,7.7,7.4,5.02,,3.57,0.57,1,2.598,0,0,0.00549,0
57Gemfibrozil,Gemfibrozil,14,1,21,7.7,7.4,5.02,,3.57,0.57,1,2.598,0,0,0.000775,0
58Gemfibrozil,Gemfibrozil,14,1,15,7.7,7.4,5.02,,3.57,0.57,1,2.598,0,0,0.00076,0
59Gemfibrozil,Gemfibrozil,446,0,15,7.7,7.4,5.02,,3.57,0.57,1,2.598,0,0,0.00076,0
60Ibuprofen,Ibuprofen,446,0,15,7.7,7.4,4.66,,3.07,0.07,1,1.87,0,0,0.0406,0
61Diazepam,Diazepam,14,1,21,7.7,7.4,,2.83,3.15,0.15,0,0.7823,0,0,0.0441,0
62Diazepam,Diazepam,14,1,21,7.7,7.4,,2.83,3.15,0.15,0,0.7823,0,0,0.0797,0
63Diazepam,Diazepam,14,1,21,7.7,7.4,,2.83,3.15,0.15,0,0.7823,0,0,0.0021,0
64Diazepam,Diazepam,14,1,15,7.7,7.4,,2.83,3.15,0.15,0,0.7823,0,0,0.0108,0
65Diazepam,Diazepam,446,0,15,7.7,7.4,,2.83,3.15,0.15,0,0.7823,0,0,0.0108,0
66Venlafaxine,Venlafaxine,14,1,21,7.7,7.4,14.8,9.24,3.04,0.04,-1,0.151,0,0,0.057,0
67Venlafaxine,Venlafaxine,14,1,21,7.7,7.4,14.8,9.24,3.04,0.04,-1,0.151,0,0,0.119,0
68Venlafaxine,Venlafaxine,14,1,21,7.7,7.4,14.8,9.24,3.04,0.04,-1,0.151,0,0,0.000796,0
69Venlafaxine,Venlafaxine,14,1,15,7.7,7.4,14.8,9.24,3.04,0.04,-1,0.151,0,0,0.00828,0
70Venlafaxine,Venlafaxine,446,0,15,7.7,7.4,14.8,9.24,3.04,0.04,-1,0.151,0,0,0.00828,0
71Citalopram,Citalopram,14,1,21,7.7,7.4,,8.46,3.81,0.81,-1,0.691,0,0,0.0379,0
72Citalopram,Citalopram,14,1,21,7.7,7.4,,8.46,3.81,0.81,-1,0.691,0,0,0.0285,0
73Citalopram,Citalopram,14,1,21,7.7,7.4,,8.46,3.81,0.81,-1,0.691,0,0,0.000785,0
74Citalopram,Citalopram,14,1,15,7.7,7.4,,8.46,3.81,0.81,-1,0.691,0,0,0.00224,0
75Fluoxetine,Fluoxetine,14,1,21,7.7,7.4,,11.3,4.44,1.44,-1,3.11,0,0,0.0045,0
76Fluoxetine,Fluoxetine,14,1,21,7.7,7.4,,11.3,4.44,1.44,-1,3.11,0,0,0.0008,0
77Fluoxetine,Fluoxetine,14,1,21,7.7,7.4,,11.3,4.44,1.44,-1,3.11,0,0,0.0008,0
78Fluoxetine,Fluoxetine,14,1,15,7.7,7.4,,11.3,4.44,1.44,-1,3.11,0,0,0.0008,0
79Fluoxetine,Fluoxetine,446,0,15,7.7,7.4,,11.3,4.44,1.44,-1,3.11,0,0,0.0008,0
80Amitriptyline,Amitriptyline,14,1,21,7.7,7.4,,9.54,4.17,1.17,-1,0.598,0,0,0.0025,0
81Amitriptyline,Amitriptyline,14,1,21,7.7,7.4,,9.54,4.17,1.17,-1,0.598,0,0,0.008,0
82Amitriptyline,Amitriptyline,14,1,21,7.7,7.4,,9.54,4.17,1.17,-1,0.598,0,0,0.0002,0
83Amitriptyline,Amitriptyline,14,1,15,7.7,7.4,,9.54,4.17,1.17,-1,0.598,0,0,0.0009,0
84Amitriptyline,Amitriptyline,446,0,15,7.7,7.4,,9.54,4.17,1.17,-1,0.598,0,0,0.0009,0
85Sertraline,Sertraline,14,1,21,7.7,7.4,,8.16,5.18,2.18,-1,1.61,0,0,0.00212,0
86Sertraline,Sertraline,14,1,21,7.7,7.4,,8.16,5.18,2.18,-1,1.61,0,0,0.00145,0
87Sertraline,Sertraline,14,1,21,7.7,7.4,,8.16,5.18,2.18,-1,1.61,0,0,0.00122,0
88Sertraline,Sertraline,14,1,15,7.7,7.4,,8.16,5.18,2.18,-1,1.61,0,0,0.000358,0
89Sertraline,Sertraline,446,0,15,7.7,7.4,,8.16,5.18,2.18,-1,1.61,0,0,0.000358,0
90Diclofenac,Diclofenac,600,2,22,7.1,7.4,4.13,2.25,4.36,1.36,1,6.13,0,0,0.079,0
91Diclofenac,Diclofenac,630,2,22,7.1,7.4,4.13,2.25,4.36,1.36,1,6.13,0,0,0.13,0
92Diclofenac,Diclofenac,2800,2,22,7.1,7.4,4.13,2.25,4.36,1.36,1,6.13,0,0,0.097,0
93Diclofenac,Diclofenac,1700,2,22,7.1,7.4,4.13,2.25,4.36,1.36,1,6.13,0,0,0.11,0
94Indomethacin,Indomethacin,600,2,22,7.1,7.4,6.95,,3.93,0.93,1,0.5832,0,0,0.15,0
95Indomethacin,Indomethacin,630,2,22,7.1,7.4,6.95,,3.93,0.93,1,0.5832,0,0,0.17,0
96Indomethacin,Indomethacin,2800,2,22,7.1,7.4,6.95,,3.93,0.93,1,0.5832,0,0,0.15,0
97Indomethacin,Indomethacin,1700,2,22,7.1,7.4,6.95,,3.93,0.93,1,0.5832,0,0,0.15,0
98Mefenamic acid,Mefenamic acid,600,2,22,7.1,7.4,4.52,1.31,3.75,0.75,1,2.088,0,0,0.22,0
99Mefenamic acid,Mefenamic acid,630,2,22,7.1,7.4,4.52,1.31,3.75,0.75,1,2.088,0,0,0.068,0
100Mefenamic acid,Mefenamic acid,2800,2,22,7.1,7.4,4.52,1.31,3.75,0.75,1,2.088,0,0,0.071,0
101Mefenamic acid,Mefenamic acid,1700,2,22,7.1,7.4,4.52,1.31,3.75,0.75,1,2.088,0,0,0.078,0
102Bezafibrate,Bezafibrate,630,2,22,7.1,7.4,4.25,2.06,3.55,0.55,1,1.86,0,0,0.47,0
103Sertraline,Sertraline,600,2,22,7.1,7.4,,8.16,5.18,2.18,-1,1.61,0,0,0.011,0
104Sertraline,Sertraline,630,2,22,7.1,7.4,,8.16,5.18,2.18,-1,1.61,0,0,0.02,0
105Sertraline,Sertraline,2800,2,22,7.1,7.4,,8.16,5.18,2.18,-1,1.61,0,0,0.016,0
106Sertraline,Sertraline,1700,2,22,7.1,7.4,,8.16,5.18,2.18,-1,1.61,0,0,0.019,0
107Diphenhydramine,Diphenhydramine,600,2,22,7.1,7.4,,8.77,3.35,0.35,-1,0.0484,0,0,0.25,0
108Diphenhydramine,Diphenhydramine,630,2,22,7.1,7.4,,8.77,3.35,0.35,-1,0.0484,0,0,0.54,0
109Diphenhydramine,Diphenhydramine,2800,2,22,7.1,7.4,,8.77,3.35,0.35,-1,0.0484,0,0,0.34,0
110Diphenhydramine,Diphenhydramine,1700,2,22,7.1,7.4,,8.77,3.35,0.35,-1,0.0484,0,0,0.29,0
111Carbamazepine,Carbamazepine,600,2,22,7.1,7.4,9.51,0.49,3.39,0.39,0,0.1499,0,0,0.12,0
112Carbamazepine,Carbamazepine,630,2,22,7.1,7.4,9.51,0.49,3.39,0.39,0,0.1499,0,0,0.077,0
113Carbamazepine,Carbamazepine,2800,2,22,7.1,7.4,9.51,0.49,3.39,0.39,0,0.1499,0,0,0.058,0
114Carbamazepine,Carbamazepine,1700,2,22,7.1,7.4,9.51,0.49,3.39,0.39,0,0.1499,0,0,0.049,0
115Haloperidol,Haloperidol,600,2,22,7.1,7.4,13.9,8.04,4.43,1.43,-1,0.8832,0,0,0.0033,0
116Haloperidol,Haloperidol,630,2,22,7.1,7.4,13.9,8.04,4.43,1.43,-1,0.8832,0,0,0.0036,0
117Haloperidol,Haloperidol,2800,2,22,7.1,7.4,13.9,8.04,4.43,1.43,-1,0.8832,0,0,0.0035,0
118Haloperidol,Haloperidol,1700,2,22,7.1,7.4,13.9,8.04,4.43,1.43,-1,0.8832,0,0,0.003,0
119Crotamiton,Crotamiton,600,2,22,7.1,7.4,,2.34,2.92,-0.08,0,0.4236,0,0,0.57,0
120Crotamiton,Crotamiton,630,2,22,7.1,7.4,,2.34,2.92,-0.08,0,0.4236,0,0,0.72,0
121Crotamiton,Crotamiton,1700,2,22,7.1,7.4,,2.34,2.92,-0.08,0,0.4236,0,0,0.89,0
122Diltiazem,Diltiazem,600,2,22,7.1,7.4,,6.48,3.37,0.37,-1,0.0236,0,0,0.074,0
123Diltiazem,Diltiazem,630,2,22,7.1,7.4,,6.48,3.37,0.37,-1,0.0236,0,0,0.04,0
124Diltiazem,Diltiazem,2800,2,22,7.1,7.4,,6.48,3.37,0.37,-1,0.0236,0,0,0.031,0
125Diltiazem,Diltiazem,1700,2,22,7.1,7.4,,6.48,3.37,0.37,-1,0.0236,0,0,0.039,0
126Triclosan,Triclosan,600,2,22,7.1,7.4,8.23,,5.14,2.14,1,3.29,0,0,0.29,0
127Triclosan,Triclosan,630,2,22,7.1,7.4,8.23,,5.14,2.14,1,3.29,0,0,0.4,0
128Triclosan,Triclosan,2800,2,22,7.1,7.4,8.23,,5.14,2.14,1,3.29,0,0,0.46,0
129Triclosan,Triclosan,1700,2,22,7.1,7.4,8.23,,5.14,2.14,1,3.29,0,0,0.39,0
130Temazepam,Temazepam,17.5,0,21,7.5,7.4,11,1.22,2.47,-0.53,0,0.3262,0,0,1.76,0
131Methocarbamol,Methocarbamol,17.5,0,21,7.5,7.4,9.95,1.43,0.53,-2.47,0,0.006235,0,0,5.25,0
132Rosuvastatin,Rosuvastatin,17.5,0,21,7.5,7.4,7.07,0.582,2.4,-0.6,1,0.5233,0,0,3.807,0
133Diltiazem,Diltiazem,39,0,28.1,7.9,7.4,,6.48,3.37,0.37,-1,0.0236,0,0,0.028,0
134Carbamazepine,Carbamazepine,39,0,28.1,7.9,7.4,9.51,0.49,3.39,0.39,0,0.1499,0,0,0.37,0
135Diphenhydramine,Diphenhydramine,39,0,28.1,7.9,7.4,,8.77,3.35,0.35,-1,0.0484,0,0,0.019,0
136Ibuprofen,Ibuprofen,50,1,20,7.4,7.4,4.66,,3.07,0.07,1,1.87,0,0,223.9,0
137Fluoxetine,Fluoxetine,2.9,1,25,7.5,7.4,,11.3,4.44,1.44,-1,3.11,0,0,9.7,0
138Fluoxetine,Fluoxetine,2.9,1,25,7.5,7.4,,11.3,4.44,1.44,-1,3.11,0,0,19.6,0
139Fluoxetine,Fluoxetine,2.9,1,25,7.5,7.4,,11.3,4.44,1.44,-1,3.11,0,0,38.4,0
140Fluoxetine,Fluoxetine,2.9,1,25,7.5,7.4,,11.3,4.44,1.44,-1,3.11,0,0,72.2,0
141Diazepam,Diazepam,15,0,18.8,7.46,7.4,,2.83,3.15,0.15,0,0.7823,0,0,1,0
142Azithromycin,Azithromycin,209,0,14,8.15,7.4,,8.74,1.9,-1.1,-1,0.02262,0,0,0.778,0
143Nicotine,Nicotine,209,0,14,8.15,7.4,,8.06,1.85,-1.15,-1,0.007209,0,0,0.415,0
144Prednisolone,Prednisolone,209,0,14,8.15,7.4,10.5,,1.56,-1.44,0,0.07301,0,0,0.011,0
145Procainamide,Procainamide,209,0,14,8.15,7.4,13.6,8.96,1.34,-1.66,-1,0.004871,0,0,0.001,0
146Cimetidine,Cimetidine,209,0,14,8.15,7.4,14.1,7.99,0.6,-2.4,-1,0.02025,0,0,0.007,0
147Caffeine,Caffeine,209,0,14,8.15,7.4,,1.48,-1.03,-4.03,0,0.0218,0,0,0.078,0
148Dexamethasone,Dexamethasone,209,0,14,8.15,7.4,9.85,,1.9,-1.1,0,0.1014,0,0,0.001,0
149Lacosamide,Lacosamide,209,0,14,8.15,7.4,11,0.912,0.45,-2.55,0,0.0006988,0,0,0.001,0
150Acetaminophen,Acetaminophen,209,0,14,8.15,7.4,9.86,1.72,1.35,-1.65,1,0.0108,0,0,0.016,0
151Phenobarbital,Phenobarbital,209,0,14,8.15,7.4,7.64,6.11,0.7,-2.3,1,0.002168,0,0,0.371,0
152CBD Cannabidiol,CBD Cannabidiol,209,0,14,8.15,7.4,9.61,,6.41,3.41,1,1.511,0,0,0.008,0
153Prednisone,Prednisone,209,0,14,8.15,7.4,10.6,,1.77,-1.23,0,0.04878,0,0,0.034,0
154Rufinamide,Rufinamide,209,0,14,8.15,7.4,11.9,0.398,0.7,-2.3,0,0.07592,0,0,0.024,0
155Propoxyphene,Propoxyphene,209,0,14,8.15,7.4,,9.21,4.28,1.28,-1,0.02071,0,0,0.226,0
156Gabapentin,Gabapentin,209,0,14,8.15,7.4,4.09,10.3,1.37,-1.63,2,0.05058,0,0,0.005,0
157Methylphenidate,Methylphenidate,209,0,14,8.15,7.4,,10,2.09,-0.91,-1,0.01703,0,0,0.015,0
158Trimethoprim,Trimethoprim,209,0,14,8.15,7.4,,7.13,1.26,-1.74,-1,0.0145,0,0,0.031,0
159Naproxen,Naproxen,209,0,14,8.15,7.4,4.7,,3.04,0.04,1,1.74,0,0,0.062,0
160Norfloxacin,Norfloxacin,209,0,14,8.15,7.4,2.23,8.69,1.27,-1.73,2,0.01,0,0,0.005,0
161Phenylephrine,Phenylephrine,209,0,14,8.15,7.4,9.75,8.99,0.64,-2.36,2,0.01801,0,0,0.006,0
162Pregabalin,Pregabalin,209,0,14,8.15,7.4,4.15,10.5,1.08,-1.92,2,0.02975,0,0,0.033,0
163Pseudoephedrine,Pseudoephedrine,209,0,14,8.15,7.4,14,9.48,1.33,-1.67,-1,0.07391,0,0,0.001,0
164Simvastatin,Simvastatin,209,0,14,8.15,7.4,13.5,8.33,4.59,1.59,0,0.3683,0,0,0.085,0
165Sulfadiazine,Sulfadiazine,209,0,14,8.15,7.4,6.93,1.74,0.86,-2.14,1,0.0874,0,0,0.024,0
166Metformin,Metformin,209,0,14,8.15,7.4,,12.8,-1.24,-4.24,-1,0.01559,0,0,0.265,0
167Dextromethorphan,Dextromethorphan,209,0,14,8.15,7.4,,9.36,3.38,0.38,-1,0.1609,0,0,0.006,0
168Cetirizine,Cetirizine,209,0,14,8.15,7.4,3.61,6.71,3.15,0.15,2,0.01232,0,0,0.001,0
169Carbamazepine,Carbamazepine,209,0,14,8.15,7.4,9.51,0.49,3.39,0.39,0,0.1499,0,0,0.004,0
170Amphetamine,Amphetamine,209,0,14,8.15,7.4,,9.9,1.58,-1.42,-1,0.1821,0,0,0.011,0
171Citalopram,Citalopram,209,0,14,8.15,7.4,,8.46,3.81,0.81,-1,0.691,0,0,0.002,0
172Omeprazole,Omeprazole,209,0,14,8.15,7.4,8.89,3.9,2.9,-0.1,1,0.01109,0,0,0.006,0
173Phenytoin,Phenytoin,209,0,14,8.15,7.4,8.93,2.81,1.77,-1.23,1,0.004205,0,0,0.003,0
174THC delta9-Tetrahydrocannabinol,THC delta9-Tetrahydrocannabinol,209,0,14,8.15,7.4,8.81,,7.21,4.21,1,3.224,0,0,0.002,0
175Loratadine,Loratadine,209,0,14,8.15,7.4,8.63,4.82,4.89,1.89,-1,0.03617,0,0,0.002,0
176Penicillin V,Penicillin V,209,0,14,8.15,7.4,4.06,1.68,0.7,-2.3,1,0.03386,0,0,0.633,0
177Naloxone,Naloxone,209,0,14,8.15,7.4,9.16,7.69,1.3,-1.7,2,0.003581,0,0,0.001,0
178Topiramate,Topiramate,209,0,14,8.15,7.4,9.23,4.97,-0.4,-3.4,0,0.02173,0,0,0.003,0
179Naproxen,Naproxen,0.82,2,25,7.6,7.4,4.7,,3.04,0.04,1,1.74,0,0,3.89,0
180Naproxen,Naproxen,0.82,2,25,7.6,7.4,4.7,,3.04,0.04,1,1.74,0,0,9.48,0
181Ibuprofen,Ibuprofen,0.82,2,25,7.6,7.4,4.66,,3.07,0.07,1,1.87,0,0,1.03,0
182Ibuprofen,Ibuprofen,0.82,2,25,7.6,7.4,4.66,,3.07,0.07,1,1.87,0,0,5.04,0
183Diclofenac,Diclofenac,0.82,2,25,7.6,7.4,4.13,2.25,4.36,1.36,1,6.13,0,0,1.54,0
184Diclofenac,Diclofenac,0.82,2,25,7.6,7.4,4.13,2.25,4.36,1.36,1,6.13,0,0,8,0
185Gemfibrozil,Gemfibrozil,0.82,2,25,7.6,7.4,5.02,,3.57,0.57,1,2.598,0,0,4.48,0
186Gemfibrozil,Gemfibrozil,0.82,2,25,7.6,7.4,5.02,,3.57,0.57,1,2.598,0,0,12.5,0
187Risperidone,Risperidone,0.82,2,25,7.6,7.4,,7.88,3.59,0.59,-1,0.1066,0,0,0.03,0
188Risperidone,Risperidone,0.82,2,25,7.6,7.4,,7.88,3.59,0.59,-1,0.1066,0,0,0.2,0
189Diphenhydramine,Diphenhydramine,0.82,2,25,7.6,7.4,,8.77,3.35,0.35,-1,0.0484,0,0,0.89,0
190Diphenhydramine,Diphenhydramine,0.82,2,25,7.6,7.4,,8.77,3.35,0.35,-1,0.0484,0,0,4.35,0
191Fluoxetine,Fluoxetine,0.82,2,25,7.6,7.4,,11.3,4.44,1.44,-1,3.11,0,0,0.88,0
192Fluoxetine,Fluoxetine,0.82,2,25,7.6,7.4,,11.3,4.44,1.44,-1,3.11,0,0,3.6,0
193Sertraline,Sertraline,0.82,2,25,7.6,7.4,,8.16,5.18,2.18,-1,1.61,0,0,0.2,0
194Sertraline,Sertraline,0.82,2,25,7.6,7.4,,8.16,5.18,2.18,-1,1.61,0,0,0.76,0
195Carbamazepine,Carbamazepine,0.82,2,25,7.6,7.4,9.51,0.49,3.39,0.39,0,0.1499,0,0,1.36,0
196Carbamazepine,Carbamazepine,0.82,2,25,7.6,7.4,9.51,0.49,3.39,0.39,0,0.1499,0,0,5.35,0
197Diclofenac,Diclofenac,169,0,13.6,7.7,7.4,4.13,2.25,4.36,1.36,1,6.13,0,0,1.8,0
198Diclofenac,Diclofenac,169,0,13.6,7.7,7.4,4.13,2.25,4.36,1.36,1,6.13,0,0,43,0
199Naproxen,Naproxen,169,0,13.6,7.7,7.4,4.7,,3.04,0.04,1,1.74,0,0,1.6,0
200Naproxen,Naproxen,169,0,13.6,7.7,7.4,4.7,,3.04,0.04,1,1.74,0,0,40,0
201Ibuprofen,Ibuprofen,169,0,13.6,7.7,7.4,4.66,,3.07,0.07,1,1.87,0,0,1,0
202Ibuprofen,Ibuprofen,169,0,13.6,7.7,7.4,4.66,,3.07,0.07,1,1.87,0,0,25,0
203Carbamazepine,Carbamazepine,169,0,13.6,7.7,7.4,9.51,0.49,3.39,0.39,0,0.1499,0,0,1.6,0
204Carbamazepine,Carbamazepine,169,0,13.6,7.7,7.4,9.51,0.49,3.39,0.39,0,0.1499,0,0,43,0
205Bisoprolol,Bisoprolol,169,0,13.6,7.7,7.4,13.9,9.41,2.37,-0.63,-1,0.1726,0,0,49,0
206Diclofenac,Diclofenac,4.9,1,25,7.62,7.4,4.13,2.25,4.36,1.36,1,6.13,0,0,0.19,0
207Diclofenac,Diclofenac,4.9,1,25,7.62,7.4,4.13,2.25,4.36,1.36,1,6.13,0,0,0.95,0
208Diclofenac,Diclofenac,4.9,1,25,7.62,7.4,4.13,2.25,4.36,1.36,1,6.13,0,0,5.15,0
209Diclofenac,Diclofenac,4.9,1,25,7.62,7.4,4.13,2.25,4.36,1.36,1,6.13,0,0,23.92,0
210Diclofenac,Diclofenac,40,0,13,7.4,7.4,4.13,2.25,4.36,1.36,1,6.13,0,0,1.6,0
211Diclofenac,Diclofenac,40,0,13,7.4,7.4,4.13,2.25,4.36,1.36,1,6.13,0,0,11.5,0
212Diclofenac,Diclofenac,40,0,13,7.4,7.4,4.13,2.25,4.36,1.36,1,6.13,0,0,81.5,0
213Caffeine,Caffeine,10.5,0,11.3,8.49,7.4,,1.48,-1.03,-4.03,0,0.0218,0,0,0.0166,0
214Citalopram,Citalopram,10.5,0,11.3,8.49,7.4,,8.46,3.81,0.81,-1,0.691,0,0,0.0144,0
215Diphenhydramine,Diphenhydramine,10.5,0,11.3,8.49,7.4,,8.77,3.35,0.35,-1,0.0484,0,0,0.174,0
216Erythromycin,Erythromycin,10.5,0,11.3,8.49,7.4,13.1,7.14,1.79,-1.21,-1,0.0229,0,0,0.00705,0
217Furosemide,Furosemide,10.5,0,11.3,8.49,7.4,3.62,2.49,1.89,-1.11,1,0.03453,0,0,0.00544,0
218Gemfibrozil,Gemfibrozil,10.5,0,11.3,8.49,7.4,5.02,,3.57,0.57,1,2.598,0,0,0.122,0
219Hydrochlorothiazide,Hydrochlorothiazide,10.5,0,11.3,8.49,7.4,8.42,4.08,-0.35,-3.35,0,0.02922,0,0,0.245,0
220Ibuprofen,Ibuprofen,10.5,0,11.3,8.49,7.4,4.66,,3.07,0.07,1,1.87,0,0,0.00433,0
221Metformin,Metformin,10.5,0,11.3,8.49,7.4,,12.8,-1.24,-4.24,-1,0.01559,0,0,0.526,0
222Sertraline,Sertraline,10.5,0,11.3,8.49,7.4,,8.16,5.18,2.18,-1,1.61,0,0,0.015,0
223Theophylline,Theophylline,10.5,0,11.3,8.49,7.4,8.6,2.52,-1.04,-4.04,1,0.01374,0,0,0.0479,0
224Thiabendazole,Thiabendazole,10.5,0,11.3,8.49,7.4,9.87,4.15,2.69,-0.31,1,0.193,0,0,0.00249,0
225Ibuprofen,Ibuprofen,2.89,1,25,7.4,7.4,4.66,,3.07,0.07,1,1.87,0,0,105,0
226Ibuprofen,Ibuprofen,2.89,1,25,7.4,7.4,4.66,,3.07,0.07,1,1.87,0,0,278,0
227Ibuprofen,Ibuprofen,2.89,1,25,7.4,7.4,4.66,,3.07,0.07,1,1.87,0,0,409,0
228Ibuprofen,Ibuprofen,2.89,1,25,7.4,7.4,4.66,,3.07,0.07,1,1.87,0,0,502,0
229Ibuprofen,Ibuprofen,2.89,1,25,7.4,7.4,4.66,,3.07,0.07,1,1.87,0,0,368,0
230Ibuprofen,Ibuprofen,2.89,1,25,7.4,7.4,4.66,,3.07,0.07,1,1.87,0,0,9,0
231Ibuprofen,Ibuprofen,2.89,1,25,7.4,7.4,4.66,,3.07,0.07,1,1.87,0,0,473,0
232Diphenhydramine,Diphenhydramine,3.46,1,25,6.87,7.4,,8.77,3.35,0.35,-1,0.0484,0,0,9.52,0
233Diphenhydramine,Diphenhydramine,3.3,1,25,7.73,7.4,,8.77,3.35,0.35,-1,0.0484,0,0,9.7,0
234Diphenhydramine,Diphenhydramine,3.06,1,25,8.63,7.4,,8.77,3.35,0.35,-1,0.0484,0,0,8.9,0
235Venlafaxine,Venlafaxine,135,0,12.5,7.5,7.4,14.8,9.24,3.04,0.04,-1,0.151,0,0,0.33,0
236Temazepam,Temazepam,8.7,0,19.2,8,7.4,11,1.22,2.47,-0.53,0,0.3262,0,0,1.4,0
240Diclofenac,Diclofenac,11,0,23,8.15,7.4,4.13,2.25,4.36,1.36,1,6.13,0,0,4.7,0
241Carbamazepine,Carbamazepine,11,0,23,8.15,7.4,9.51,0.49,3.39,0.39,0,0.1499,0,0,4.25,0
242Fluoxetine,Fluoxetine,11,0,23,8.15,7.4,,11.3,4.44,1.44,-1,3.11,0,0,4.17,0
243Sertraline,Sertraline,11,0,23,8.15,7.4,,8.16,5.18,2.18,-1,1.61,0,0,1.31,0
244Fluoxetine,Fluoxetine,11,0,23,8.15,7.4,,11.3,4.44,1.44,-1,3.11,0,0,1.23,0
245Venlafaxine,Venlafaxine,2.9,0,19,8.05,7.4,14.8,9.24,3.04,0.04,-1,0.151,0,0,19.2,0
246Venlafaxine,Venlafaxine,7.1,0,24,7.62,7.4,14.8,9.24,3.04,0.04,-1,0.151,0,0,22.3,0
247Carbamazepine,Carbamazepine,0.26,1,28,7.4,7.4,9.51,0.49,3.39,0.39,0,0.1499,0,0,0.75,0
248Carbamazepine,Carbamazepine,0.26,1,28,7.4,7.4,9.51,0.49,3.39,0.39,0,0.1499,0,0,8.04,0
249Carbamazepine,Carbamazepine,0.26,1,28,7.4,7.4,9.51,0.49,3.39,0.39,0,0.1499,0,0,89.97,0
250Carbamazepine,Carbamazepine,0.26,1,28,7.4,7.4,9.51,0.49,3.39,0.39,0,0.1499,0,0,877.26,0
251Propranolol,Propranolol,6,2,15,7.43,7.4,13.8,8.97,2.58,-0.42,-1,2.76,0,0,0.92,0
252Propranolol,Propranolol,6,2,15,7.43,7.4,13.8,8.97,2.58,-0.42,-1,2.76,0,0,10.98,0
253Propranolol,Propranolol,6,2,15,7.43,7.4,13.8,8.97,2.58,-0.42,-1,2.76,0,0,83.77,0
254Propranolol,Propranolol,6,2,15,7.43,7.4,13.8,8.97,2.58,-0.42,-1,2.76,0,0,1007.81,0
255Propranolol,Propranolol,6,2,15,7.43,7.4,13.8,8.97,2.58,-0.42,-1,2.76,0,0,8696.71,0
256Propranolol,Propranolol,4.05,1,25,7.4,7.4,13.8,8.97,2.58,-0.42,-1,2.76,0,0,1.3,0
257Propranolol,Propranolol,1.65,2,25,7.4,7.4,13.8,8.97,2.58,-0.42,-1,2.76,0,0,1.3,0
258Propranolol,Propranolol,4.05,1,25,7.4,7.4,13.8,8.97,2.58,-0.42,-1,2.76,0,0,8,0
259Propranolol,Propranolol,1.65,2,25,7.4,7.4,13.8,8.97,2.58,-0.42,-1,2.76,0,0,8,0
260Propranolol,Propranolol,4.05,1,25,7.4,7.4,13.8,8.97,2.58,-0.42,-1,2.76,0,0,78,0
261Propranolol,Propranolol,1.65,2,25,7.4,7.4,13.8,8.97,2.58,-0.42,-1,2.76,0,0,78,0
262Propranolol,Propranolol,4.05,1,25,7.4,7.4,13.8,8.97,2.58,-0.42,-1,2.76,0,0,970,0
263Propranolol,Propranolol,1.65,2,25,7.4,7.4,13.8,8.97,2.58,-0.42,-1,2.76,0,0,970,0
264Carbamazepine,Carbamazepine,110,0,15,7.4,7.4,9.51,0.49,3.39,0.39,0,0.1499,0,0,0.2736,0
265Diltiazem,Diltiazem,164,0,15.4,7.7,7.4,,6.48,3.37,0.37,-1,0.0236,0,0,26.72,0
266Diltiazem,Diltiazem,164,0,15.4,7.7,7.4,,6.48,3.37,0.37,-1,0.0236,0,0,26.72,0
267Ketoprofen,Ketoprofen,39.4,0,12.9,7.4,7.4,4.19,,3.11,0.11,1,0.74,0,0,1.2,0
268Ketoprofen,Ketoprofen,39.4,0,12.9,7.4,7.4,4.19,,3.11,0.11,1,0.74,0,0,7.2,0
269Ketoprofen,Ketoprofen,39.4,0,12.9,7.4,7.4,4.19,,3.11,0.11,1,0.74,0,0,90.5,0
270Gemfibrozil,Gemfibrozil,26.4,1,18,7.4,7.4,5.02,,3.57,0.57,1,2.598,0,0,0.34,0
271Gemfibrozil,Gemfibrozil,26.4,1,18,7.4,7.4,5.02,,3.57,0.57,1,2.598,0,0,851.9,0
272Beclomethasone dipropionate,Beclomethasone dipropionate,85,0,12,7.4,7.4,13,6.36,4.09,1.09,0,0.02917,0,0,0.0708,0
273Beclomethasone dipropionate,Beclomethasone dipropionate,85,0,12,7.4,7.4,13,6.36,4.09,1.09,0,0.02917,0,0,0.6483,0
274Norethindrone,Norethindrone,50,1,23,7.4,7.4,11.7,,3.49,0.49,0,0.7256,0,0,82.5,0
275Verapamil,Verapamil,50,0,20,7.7,7.4,,8.73,5.09,2.09,-1,0.2903,0,0,419,0
276Clozapine,Clozapine,50,0,20,7.7,7.4,,8.49,3.72,0.72,-1,0.813,0,0,40,0
277Medroxyprogesterone acetate,Medroxyprogesterone acetate,446,0,22,7.8,7.4,11.3,,4.66,1.66,0,0.42,0,0,118,0
RC1Carbamazepine,Carbamazepine,1,2,25,7.6,7.4,,,2.45,,0,0.1499,0,0,0.00535,0
RC2Carbamazepine,Carbamazepine,14.4,0,21,7.38,7.4,2.3,,2.45,,0,0.1499,0,0,0.00225,0
RC3Diclofenac,Diclofenac,1,2,25,7.6,7.4,4.18,,4.51,1.85,1,6.129,0,0,0.008,0
RC4Diclofenac,Diclofenac,14.1,0,21,7.38,7.4,4.18,,4.51,1.85,1,6.129,0,0,0.00175,0
RC5Diphenhydramine,Diphenhydramine,1,2,25,7.6,7.4,,8.98,3.56,0.34,-1,0.04836,0,0,0.00435,0
RC6Fluoxetine,Fluoxetine,1,2,25,7.6,7.4,,10.1,3.56,1.51,-1,3.889,0,0,0.0036,0
